Email,Firtname,Lastname,Tel,PCode,Cpny/Ind,Last Order Days
imaya.wong@gmail.com,Imaya,Wong,0166847409,54200,IND,1163
eva3868@gmail.com,chai,wei ling,0128904325,93300,IND,844
0129416129,Nur Amanina,,0129416129,53300,CPNY,72
wc_ang85@yahoo.com,wee chuan,ang,011-11117000,41200,IND,781
jacksiow29@gmail.com,siow,zhan jian,0196738128,43200,IND,823
lohhj2013@yahoo.com,Suzanne,Leong,0162387645,73000,IND,823
ykng24@hotmail.com,yen kee,ng,0124595729,34000,IND,823
mike@dmchiropractic.my,Michael,Chan,0102969861,47500,IND,1433
office.fny@gmail.com,MAZIDAH,CHE DAUD,03-79318414,46200,IND,1022
joeywong881114@hotmail.com,joey,wo?n?g,016-3227879,68000,IND,823
0129260785,SALINA MOHD SAAD,,0129260785,08800,CPNY,204
chris_waf@hotmail.com,wong,fong,0127182580,47630,IND,823
0138310675,HUUD BIN SULONG,,0138310675,98000,CPNY,149
jacklyn@vezion.com.my,Jacklyn ,Choong,0126705446,50480,IND,971
Kyintan133@gmail.com,TAN,KOOI YIN,047722133,05400,IND,823
0192768482,mohd syahmi ab ghani,,0192768482,42700,CPNY,199
kai*******@yahoo.com,Jing Shuang,,0178196885,47810,IND,35
fooyokemeng@gmail.com,Foo,Yoke Meng,+60168302205,40460,IND,1127
christiyena@yahoo.com,Yeoh,Siew Geok,064414723,73000,IND,823
janicetyf225@yahoo.com,Janice,Fong,+60122092268,47400,IND,823
jack.hin@gmail.com,jack,hin,0166600040,46300,IND,1293
gansc@utar.edu.my,Seng Chiew,Gan,012-7880540,47300,IND,976
0134899095,rozita abd rashid,,0134899095,13700,CPNY,147
0193144137,"dr, susila devi",,0193144137,53100,CPNY,146
ysy.celine7431@hotmail.com,yoong,celine,0126486821,59200,IND,781
chiatienyong@gmail.com,CHIA TIEN,YONG,044857090,09400,IND,823
01140708677,Nur Aina  Najihah Binti Muhamad ,,01140708677,81200,CPNY,176
azah_amin@yahoo.com,Nor Azah,Mohd Amin,0124250269,08000,IND,1239
0129409442,Rubayini Periyanan,,0129409442,41050,CPNY,188
0143864645,Nurul Aini Binti Abd Razak,,0143864645,43000,CPNY,55
suteng530@live.com.my,SU TENG,TEO,0146652543,52000,IND,823
info@kawalanbumi.com,choo,ching,0122113490,47100,IND,284
yeeling_1994@hotmail.com,hoh,eleen,0106671228,81300,IND,781
0169069338,CHEW SEOW TING,,0169069338,42000,CPNY,218
SOONJIN84@HOTMAIL.COM,SOON JIN,NG,0122948552,40460,IND,1043
mandycuteyoyo@hotmail.com,Yen ,Siew Keau,0123075568,48000,IND,781
doggiehouse@gmail.com,Fion ,Cheng,0123668562,58200,IND,322
general@wonderfb.com,WONDER,F&amp;B,07-6632964,81000,IND,844
peiyan.lim@visionary.com.my,Ms Lim,Visionary Solutions,0377105877,47400,IND,882
prnamteck@gmail.com,PASAR RAYA ,NAM TECK,+60163617041,41050,IND,1163
nhamimi@hotmail.com,Norhamimi,Hamidun,60123045117,41050,IND,1163
126306880,Brendan Su Hau Teck,,126306880,40000,CPNY,100
felicia@aegisucorp.com,Felicia,Lau,0123210559,50480,IND,1107
Amanlogistik@gmail.com,Cindy,Tee,0122338031,47300,IND,1050
graceong008@yahoo.com,Grace,Ong,+60166535988,55100,IND,823
bshware@gmail.com,Abby,Tan,0123978498,43300,IND,594
hcmcokl@gmail.com,Yong ,Phang Kueng,0123953363,53000,IND,1041
info@bestevents-asia.com,Hanniz,Lam,0122958025,57700,IND,1111
0124252536,Ariel,,0124252536,53300,CPNY,131
chanvysing@yahoo.com,Chan,Vy Sing,60162218731,59100,IND,530
limpeisze83@hotmail.com,Pei Sze,Lim,0127778505,43300,IND,823
charmainelai@gmail.com,charmaine,lai,0123272977,47400,IND,1154
0173602028,NUR AZIRA BINTI MAZLAN,,0173602028,68100,CPNY,125
chirlyne_bb@hotmail.com,Chirlyne,Chew,0199568805,54200,IND,823
info@pacificnominees.com,Subashinee,K,0164781705,81300,IND,1236
rockeewong@yahoo.com,Wong,Tuck Imm,0176910991,47301,IND,1050
jaclynchoong@gmail.com,Jaclyn,Choong,012-2573718,40460,IND,844
jakechenh@yahoo.com,CAT,YAP,0167326026,81100,IND,823
crystalying86@yahoo.com,crystal,gan,0142346606,90000,IND,781
happynick1995@gmail.com,choonkit,Ng,0102574654,40170,IND,844
foobox@hotmail.com,ChiWei,Foo,0377267393,47800,IND,1124
CC@REBVIABIOTECH.COM,Colin,C,0102265088,47300,IND,931
ak_leong@hotmail.com,CHAY ,KOK LEONG,016-2788-238,43300,IND,1131
sls_yap@yahoo.com,Yap,Alicia,0122348987,40150,IND,1163
0380516800,adibah hanim,,0380516800,47130,CPNY,200
ailing.foong@gmail.com,AI LING,FOONG,0196893262,72100,IND,1378
michaelkoo529@gmail.com,Koo,Michael,0167203033,83000,IND,55
dalilah326@yahoo.com,Rohazita,Ab Rashid,0162154258,40150,IND,990
teaanngee@gmail.com,tea,ann gee,0122763638,72100,IND,781
0102893697,Norwidah Abdullah,,0102893697,53100,CPNY,138
nor**************@gmail.com,wida abdullah,,0102893697,55100,IND,138
0177953521,Muhammad Azrie bin Daut,,0177953521,79000,CPNY,42
WARRENTAN@GMAIL.COM,WARREN,TAN,0162822282,47820,IND,1163
stephencurry1234@gmail.com,Choi ,Mee,0166936944,46150,IND,844
chevie_tee@yahoo.com,Tee,Chuen,0103660134,48000,IND,781
syafiqah.oceanlife@gmail.com,Oceanlife Marketing,Sdn Bhd,0192250801,54000,CPNY,41
m4pl3@live.com,lim,ying,0149337484,53300,IND,823
deniceling@gmail.com,Denice,Ling,0163338955,81100,IND,823
chowei@hotmail.com,Cho Wei,Lim,0178131233,58000,IND,1121
aarontw@yahoo.com,Aaron,Tan,+60123173070,58200,IND,1093
tian_poh@yahoo.com,TP,PHOA,0162619366,41200,IND,1210
puapua85@hotmail.com,pua,laithiam,0122598796,41200,IND,823
0123769098,AMEEN PRODUCTS SDN BHD,,0123769098,36000,CPNY,131
jane@solin.com.my,Jane,Yong,0380750221,47100,IND,1162
0127076418,Shirley Tan Pei Yin,,0127076418,81200,CPNY,224
0126711748,Yvonne Low,,0126711748,47600,CPNY,35
yechieng@gmail.com,Y.E,Chieng,0198851136,98707,IND,1030
axisplanners@gmail.com,AXISPLANNERS,axisplanners,03-61568500,47830,IND,1257
account@theadverts.my,Adverts,Account,0149257768,53300,IND,461
ubesdnbhd@gmail.com,Gilliant,Khor,0195558875,47100,IND,323
0122004052,Siti Hajar Binti Idris,,0122004052,50600,CPNY,64
60129883616,Steve Soon,,60129883616,53300,CPNY,143
meisuan@gmail.com,Low ,Mei Suan,0175336288,52200,IND,823
lst333@gmail.com,Soon Teck,Leow,0122781760,47620,IND,467
amysookaun@gmail.com,Liew,Sook Aun,0165538998,31400,IND,781
malaysia@labtech.org,LABTECH INTERNATIONAL,LTD,0378453600,40150,IND,1007
joyceleesl@hapseng.com.my,Joyce Lee ,Shee Leng,03-21169284,50250,IND,1236
chialinglim@yahoo.com,jocelyn,lim,0126521171,56000,IND,890
192725329,Annapriya Selvam,,192725329,40150,CPNY,123
122265016,Susanna basnayake,,122265016,46350,CPNY,219
leekien.leow@gmail.com,LK Lighting Design,Sdn Bhd,+60122128913,58100,CPNY,705
laithiampua@hotmail.com,pua,laithiam,0122598796,41200,IND,823
finance@tinnovatik.com,TINNOVATIK ,SDN BHD,0124718857,47410,CPNY,147
graceconny@yahoo.com.sg,MEI CHING,LEE,+60126351127,72100,IND,727
hany@ummc.edu.my,Hany,Ariffin,0379496316,59100,IND,1035
anlimmy@yahoo.com,LIM,AI NEE,0176883962,76300,IND,823
bptan0809@gmail.com,Yong Sze,Tan,+60123505554,47410,IND,1471
mhshassan@yahoo.com,Mohd Hassan,Sukiman,0148314286,50480,IND,839
ongkhayang@gmail.com,ONG,KHA YANG,0165511491,36400,IND,844
0163370702,Estien Chau,,0163370702,86000,CPNY,128
johmin_@hotmail.com,joh min,tan ,062650632,77400,IND,844
yongtunli@yahoo.com,yong,tunli,012-2733841,53300,IND,1209
bkq9966@hotmail.com,tee,suat mooi,60122703358,42200,IND,823
susancml@hotmail.com,susan,cheng,0122205036,59200,IND,781
abbiefung_0713@yahoo.com.au,Fung,Peng,0176442082,70300,IND,813
teresayee@msn.com,Teresa,Yee,60162090305,47500,IND,1039
ctasiah89@gmail.com,SITI ASIAH,SHAARI,0133513014,43300,IND,959
blackzapple@gmail.com,ShingChieh,Ng,0129402049,47100,IND,823
leowkg@gmail.com,Leow,Kien Giap,0123082214,52100,IND,1154
angeline852008@hotmail.com,aeryn ,yeow,017 3788 667,56100,IND,823
0195133972,ahmad hidayat jurusan pendawaian,,0195133972,14000,CPNY,192
01126458731,JAYALEXMY KRISHNAN,,01126458731,340000,CPNY,177
ladyworldfashion@yahoo.com,Soon Thaim,Lew,0126631012,68000,IND,823
janepalace@live.com,angeline,sim,0172126166,56100,IND,781
pridator84@yahoo.co.uk,MOHD ZHAFRI,ABD KARIM,0125817969,85200,IND,1183
info@siam-connection.com,Wai Jo,Wong,0379605055,46300,IND,889
samgdx@gmail.com,PIN SANG,SAM,0383221158,63000,IND,823
tanya@famglamstudios.com,Tanya,Kamallini,+60197575745,59000,IND,971
williamcpm@gmail.com,CPM,Consulting Engineer,0178822253,52100,IND,1030
0122839445,kamalakaran karanakaran,,0122839445,42200,CPNY,123
Monique_tan@hotmail.com,Tan ,Sook Yee ,0123375262,56000,IND,823
0168128844,Yudisthra M Ganeshadeva,,0168128844,80100,CPNY,221
wcliang6928@hotmail.com,wen chong,liang,+60167786928,81100,IND,781
yasmeenkeck@gmail.com,Yasmeen,Keck,0195703330,46000,IND,952
ycpmm@live.com,YAP,CHIN POH,0123950199,47301,IND,1163
alxoyt@gmail.com,Yat ,Tong,0167113191,56000,IND,1040
ricco_tan83@hotmail.com,RICCO,TAN,0333191039,41200,IND,823
senaie1013@yahoo.com,Senaie ,Guma,0197538036,81750,IND,823
jacktts@gmail.com,Jack,Tan,0162770909,52100,IND,568
kelly-lly@hotmail.my,KELLY ,LIEW,0123343288,46150,IND,823
Jenny_9545@hotmail.com,Jenny,Teoh,0146239546,42700,IND,821
pyleong@gohofficesupplies.com,Pooi Yoke,Leong,60379800500,58100,IND,1062
bestlink.distribution@gmail.com,BESTLINK,DISTRIBUTION,07-6632694,81000,IND,1163
andrewchong@outlook.com,Andrew,Goh,0125993932,40160,IND,676
mikewye@hotmail.com,Michael Wong,Yee Eng,0198870908,96500,IND,1139
conniekhor78@gmail.com,connie,khor,0137035548,81000,IND,781
joey@thealgroup.com,Joey,Lim,0162025056,50460,IND,1293
012-7103292,nora mohamed rawi al haj,,012-7103292,80300,CPNY,135
suee@um.edu.my,Lau,Su Ee,03-79676990,50603,IND,839
sookyeen85@hotmail.com,lee ,sook yeen,0129198585,58100,IND,823
emarcorp@gmail.com,T C,Koh,0193301189,59100,IND,1126
yi9006@gmail.com,WEE YI,WONG,0167271111,81200,IND,823
0197311061,Intan Yuliana Sahir,,0197311061,86800,CPNY,25
tommyhua95@gmail.com,tommy,wongyunhua,0109735527,87000,IND,34
felicitasuu@gmail.com,WAN SIN ,Gan,21810810,50200,IND,1134
parimaladeviramesh@yahoo.com,DR.RAMESH ,RAJARETNAM,0133789484,51000,IND,912
tet_ting@hotmail.com,Natalie,Tan,0125134371,42200,IND,823
hweeching.soo@teaarts.com,Hwee Ching,Soo,0192202498,52200,IND,1212
arlene81@msn.com,arlene,Boon,019-3855815,43200,IND,881
gpchong@outlook.com,Andrew,Goh,0125993932,47000,IND,683
alanlee9898@gmail.com,alan,lee,0172585186,56000,IND,567
carrie.leong@spirolite.my,Yeow,Kelvin,0123559736,50480,IND,823
0192114448,siti zabedah hussin,,0192114448,50400,CPNY,143
siow311@gmail.com,Siow,311,0192361008,55300,IND,823
lhuihong@yahoo.com,Uncle,Hong,0163036110,43300,IND,879
176795968,Lina,,176795968,68000,CPNY,154
127812699,Tang Gan Yen,,127812699,47810,CPNY,176
andrewgpc@hotmail.com,Andrew,Goh,0125993932,40160,IND,305
0167908474,Nur Raihana Johari,,0167908474,46050,CPNY,93
rgchai@gmail.com,CHAI,CHONG KHENG,0168699778,93010,IND,846
layhua01@hotmail.com,Tan,Lay Hua,0126605269,52200,IND,823
cteng@ihrdc.com,candy,teng,013-5135413,50400,IND,1222
0133298678,MAZELAN B. MOHD ZAINI,,0133298678,28200,CPNY,201
60126039500,Samreet Sagoo,,60126039500,50100,CPNY,192
0197617020,Mohamad fairuz bin kamarudin,,0197617020,81100,CPNY,186
0177009787,A.Hamid Talib,,0177009787,81100,CPNY,193
ahbeejing@gmail.com,Wei Chin,Teo,0168265612,88300,IND,1162
1131271288,BADAN PENGURUSAN BERSAMA PANGSAP,,1131271288,46000,CPNY,126
acc@jjinternational.edu.my,Elyse ,Teng,0379545802,46000,IND,1119
0193458199,Becker,,0193458199,89200,CPNY,109
0109728121,Muhammad Maqrizi bin Zahari,,0109728121,56100,CPNY,88
wai_mee2001@yahoo.com,wai mee,siow,0123057902,47650,IND,823
nizammaju1@outlook.com,am,zam,017-6645132,47810,IND,1206
evelyn7212@gmail.com,Judy,Wong,0168989871,93010,IND,847
shirley_sh@yahoo.com,Shirley,Yeong,0122151896,56000,IND,1025
xu_caiyun@hotmail.com,Cai,Yun,0380825195,47170,IND,844
yen8809@yahoo.com.my,GOH,GEOK YEN,0105407947,78300,IND,844
mail.eddielee@gmail.com,eddie,lee,01112325195,47170,IND,1163
teaannsoon@hotmail.com,TEA,ANN SOON,0173453237,72100,IND,781
0102902611,olabiwonnu oluwatosin joseph,,0102902611,43200,CPNY,205
temleeching@hotmail.com,tem,lee ching,0127639137,83700,IND,823
0124449816,West Metric Sdn Bhd,,0124449816,47300,CPNY,41
xu_caiyun@live.com,Cai,Yun,0164223168,47170,IND,844
0164496561,Anttela Sdn Bhd,,0164496561,09000,CPNY,169
limivy60@yahoo.com,lim,ivy,01139656523,34000,IND,823
lainee79@hotmail.com,Anne,Lim,0124599675,11950,IND,823
secondface_2@hotmail.com,Wong,Sai Hung,0123028180,47600,IND,1162
o.chuen@yahoo.com,Chu En,Ong,045021520,14100,IND,846
0123322112,Pine Cone Hospitality Sdn Bhd,,0123322112,50250,CPNY,131
shirleylim25@hotmail.com,lim,bee yoke,016-3232489,56100,IND,823
wcheeteng@gmail.com,Chee Teng,Wong,+603-61282349,47301,IND,229
andrew@safariofficesystem.com,Andrew,Goh,0129830799,40160,IND,319
miketaed9597@hotmail.com,MOHD INDERA KESUMA,M JAMIL,0126744922,46100,IND,1163
coburg84@hotmail.com,JULIE,OOI,0169463182,47100,IND,1058
yewtc@ee.com.my,Teik Choon,Yew,+60122098478,47630,IND,1531
0193112392,REBORN SIGNATURE SDN. BHD,,0193112392,56100,CPNY,180
0176686644,AZHAR IDRIS,,0176686644,84000,CPNY,118
0122031887,Winnie Tang,,0122031887,50480,CPNY,144
alprince59@hotmail.com,Noor Latiff,Mohd Taib,0162524786,46000,IND,950
01111470054,Harishkumar,,01111470054,81200,CPNY,42
bailey.paat@gmail.com,BAILEY,PAAT,0128904325,93300,IND,844
satriaaces68@yahoo.com,ZUSHAKIRAH,ABDUL MUTALIB,0360386090,47000,IND,802
account@scientificrd.com.my,Sook Yen,Leong,03-77708293,58200,IND,824
rshankar@rsplan.com.my,Ravi,Shankar,0380240377,47560,IND,938
chiamei22@hotmail.com,Charmaine,Tan,0162212031,58200,IND,823
fang_1016@hotmail.com,ng,kwey fang,0182426606,70300,IND,781
carrie.leong84@gmail.com,Carrie,Leong,0162435945,59200,IND,844
gentat@gmail.com,Gen Tat,Teoh,0163399896,31900,IND,844
buy@eeeway.com,Carrie,Leong,011-11812043,56100,IND,823
swatcharge@hotmail.com,CHEIK YORP,TAN,0122596979,43700,IND,844
jocelin_yee25@hotmail.com,Min Yee,Chen,0166658003,43290,IND,844
purchase@enfrasys.net,Enfrasys,Consulting,74518010,47301,IND,960
166888333,LEE SHIEN YAW,,166888333,11900,CPNY,73
yv_liew@yahoo.com,yvonne,liew,0123132899,47820,IND,1245
legastia@hotmail.com,PEMBINAAN LEGASTIA,SDN BHD,03-8945 5508,43300,CPNY,1036
zahimalbakri@yahoo.com,Zahim,Albakri,0162226608,55000,IND,1258
karheng83@gmail.com,Kar Heng,Chew,0123313461,47600,IND,1016
+60103664354,Vincent long wing yue,,+60103664354,52100,CPNY,29
ommong@gmail.com,Ming Ming,Ong,(012)2063387,47400,IND,1155
pcp_alice@yahoo.com,Alice,Lui,0102727517,43300,IND,823
Elly0329@hotmail.com,elly,wong,0126308803,52100,IND,823
machoius82@yahoo.com,KAH HONG,PUANG,0162765528,47620,IND,1163
tblchristine@gmail.com,le,ching,0122598796,42600,IND,823
jessee.cheong@gmail.com,Jessee Lai Kwan,Cheong,0129011291,47100,IND,886
byen_low@yahoo.com.sg,LOW,BEE YEN,0126585852,81300,IND,823
suiling9081@gmail.com,cheong,sui ling,012-5295375,30250,IND,727
klayns@yahoo.com,Lay Nee,Koe,0124512752,11700,IND,781
0134885365,MOHAMAD IZWAN BIN MASZILAN,,0134885365,36100,CPNY,65
136953344,Abdul Muhaimin Azzam bin Amir No,,136953344,46100,CPNY,86
kitcchong@hotmail.com,Chin Chiat,Hong,0163197200,40400,IND,1107
myndywong8348@gmail.com,May Kwan,Wong,0123934838,43300,IND,823
1113313346,Datuk Dr Suaidi Safei,,1113313346,76100,CPNY,162
scsh12@gmail.com,SIMON,CHAN,0126959230,47500,IND,823
joey.liew73@gmail.com,Joey,Liew,0122824323,47810,IND,1035
dr.francostein1975@yahoo.com,Franco,Renu,0172827919,46150,IND,823
netinfo.lu@gmail.com,Zen Chai,Lu,0198755188,98700,IND,1209
jialingtan@summerglitz.com.my,Jialing,Tan,0395446044,43300,IND,308
ritzwallcovering@gmail.com,hon, dan john,03-80221688,47500,IND,948
vivagroup.greateastern@yahoo.com,Lynnie,Tan,03-40422828,50480,IND,99
mymajorcutie@gmail.com,TAN,KUAN KENG,0126493165,47160,IND,823
chinteck@talentwork.com,Chin Teck ,Theo ,0123334433,50480,IND,400
0192400194,Azlinatun,,0192400194,43650,CPNY,131
admin@sage3.com,Valued Customer,Sage 3 Capital Sdn Bhd,0323000336,50490,CPNY,657
126852082,Tan Kit Aun,,126852082,43400,CPNY,198
0105042331,rozita,,0105042331,53300,CPNY,127
beanleong@yahoo.com,chan,beanleong,0166286369,52100,IND,953
sharonyong800@gmail.com,LTE,Engineers Sdn Bhd,0168882630,47301,CPNY,301
tanhohin_0612@yahoo.com,YVONNE,LIM,0176691966,48020,IND,823
colinkhw@yahoo.com,Colin,Khoo,0129147500,47301,IND,1034
shirleyc_1013@yahoo.com.sg,Shey Lee,Chong,0127995100,81100,IND,823
wan.ikraam@gmail.com,WAN MOHD IKRAAM,BIN WAN JASMI,0126854074,50480,IND,924
mywifesherlynhor@gmail.com,Sherlyn,Hor,+60164449628,10050,IND,727
jinlinlee1314@gmail.com,LEE,JIN LIN,0173974798,68100 ,IND,160
charlestehss@gmail.com,CTSS ORIENTAL (M) SDN BHD,CHARLES TEH SENG SAI,0123291180,56000,CPNY,564
norsugee@yahoo.com,Build,Clean,0162070913,53300,IND,676
kenzooi@yahoo.com,Kenz,Ooi,0122165500,47301,IND,825
0122744488,Jenifer T. Sani,,0122744488,58200,CPNY,183
adila.rembawang@gmail.com,Adila,Majid,0362032117,50480,IND,1030
60107663930,Jwitah Vellasamy,,60107663930,86200,CPNY,127
imagine_1218@hotmail.com,ming yu,leong,0125096560,31100,IND,1162
louislau@gmail.com,Louis,Lau,+60123770422,59200,IND,1027
shean_0620@hotmail.com,Wong,Lee shean,0127258818,81000,IND,823
weimun.tan@integrationpoint.com,Tan,Wei Mun,012-3311 983,47500,IND,92
0139834283,Asyran bin Ahmad,,0139834283,25200,CPNY,47
steve_yen2000@yahoo.com,Steve,Yen,0122003090,43000,IND,526
0102083984,LINA BINTI AMIN,,0102083984,83700,CPNY,43
km.leuk@engecrol-moditech.com,KENG MING,LEUK,0125459632,40150,IND,1092
123361388,Lim Saw Geok,,123361388,47810,CPNY,204
LAVENO@GMAIL.COM,TIAN KIONG,TAN,+60173662777,57000,IND,930
sklim83@hotmail.com,SOON KEAT,LIM,0162677523,47500,IND,781
woeihaur_chaw@hotmail.com,BRYAN CHAW ,WOEI HAUR,0199271688,56100,IND,823
0177962748,NUR AZIZAH BINTI OSMAN,,0177962748,86000,CPNY,156
narimah.kajai@gmail.com,narimah,salim kajai,0192726031,40100,IND,845
nicolesum@ecsm.com.my,Nicole ,Sum,03-62868204,47810,IND,790
kamales1@yahoo.com,Kamaleswaran,A Kanniah,0126816948,40460,IND,1162
0192936343,Dr Nursuriati,,0192936343,50490,CPNY,90
wge7069@yahoo.com,Gregory,Yoon,79587330,46050,IND,1152
0125539853,Avren Ch’ng Pey Joon,,0125539853,11900,CPNY,37
cky68_chai@hotmail.com,CHAI,KAR YEE,017 7606662,43300,IND,823
ajane654@gmail.com,jane,fon,01121462013,30000,IND,727
coldie_gc116@hotmail.com,Coldie,Chiew,0163665210,41100,IND,781
0162680881,QL Poultry Farms SB Helina Choo,,0162680881,71700,CPNY,33
1133733997,Audrey Manford,,1133733997,50480,CPNY,126
coolchong80@gmail.com,Yeemun,Chong,0129769080,43300,IND,823
01125434706,Omiziazee Binti Omar,,01125434706,63000,CPNY,190
129074144,bahiah binti baharudin,,129074144,47000,CPNY,42
munsau87@yahoo.com,Mun Sau,Lai,+60126614521,46000,IND,1162
lisaliew8188@gmail.com,MELISSA ,LAU,0109615536,93150,IND,959
shirley1142@yahoo.com.sg,LIM,SHIRLEY,+60122929684,47810,IND,823
general@klelegal.com.my,Vasantha,Kumari,03-76100789,47301,IND,839
tan5585@hotmail.com,Pauline,Huan,0360921353,48000,IND,823
ashtontee@outlook.com,Ashton,Tee,0331227599,42500,IND,823
yuehyun.chaw@hotmail.com,BRYAN CHAW ,WOEI HAUR,0126252830,47301,IND,823
ahjia2@yahoo.com,Prescillia,Pang,012,43200,IND,844
ryan_1220@live.com.my,Ryan,Ong,0149316872,31400,IND,823
achungcw@yahoo.com,Amy Chung,Choi Wan,+60123070510,50450 ,IND,483
sugilite99@gmail.com,GOH,JING ZHi,0123609380,52100,IND,1162
choomintsong@gmail.com,Choo,Min tsong ,0122882421,43200,IND,823
emilynsz@hotmail.com,Emily,Nge,072444867,81200,IND,823
godomon38@gmail.com,ESTHER DEBBIE,GODOMON,0146525071,89208,IND,879
muhyi84@gmail.com,Muhyi,Yaakop,+60129629606,20000,IND,465
0124777026,Sasha tan lee siah,,0124777026,07000,CPNY,84
lina.kik@gmail.com,kik,lina,+60166688801,41200,IND,1154
sakura_9839@hotmail.com,Goh,hwee san,0123798319,43200,IND,811
na_jib_on@yahoo.com,Mohd Najib,Mohd Salleh,0192788594,32610,IND,1370
cavynhue@yahoo.com,Cavyn,HUE,+60133919341,26100,IND,974
stacyjaniceelton@yahoo.com,Stacy,Elton,0192671396,40150,IND,1051
0164711921,Ong Jyh Kheong,,0164711921,14000,CPNY,85
tiewka8@hotmail.com,Tiew,Kheng Ann,+60199433653,17500,IND,844
srsh78@yahoo.com,Suresh,Kumar,0123466898,47170,IND,217
llawrenzza@gmail.com,Lawrence,Law,60164411455,59100,IND,527
cheryl82kimberly@hotmail.com,Cheryl,Leong,0172265328,47301,IND,727
ailan_ko@yahoo.com,Ailan,Ko,01779989089,86200,IND,823
gohkianseen@hotmail.com,Goh,Kian Seen,0123458005,58100,IND,1035
tienjoon@hotmail.com,Tien Joon,Khiu,073541844,81100,IND,823
tsckk90000@gmail.com,Kiat Kuan,Chin,03-61852288,68100,IND,697
sharon.loong@desarch.com.my,Sharon,Loong,0377109970,47820,IND,1268
vnytham@hotmail.com,hui nee,tham,0166262335,50450,IND,1149
0102213743,Norhidayu Razak,,0102213743,43000,CPNY,57
wongmaymay9@gmail.com,wong may may,wong,0162502263,58100,IND,823
0167138134,NORASYIMA ABU BAKAR,,0167138134,42700,CPNY,110
0127727202,HENG YEE LING,,0127727202,25200,CPNY,72
leon_vortex@yahoo.com,Leon,Sit,0125220081,47800,IND,1120
thepurplez@gmail.com,x,j,016,98700,IND,386
+60149289020,Alif Zulfitri Bin Awang Haji Has,,+60149289020,40150,CPNY,136
zijun.com@gmail.com,Jun,Teoh,01113160204,14300,IND,823
yuen7180@gmail.com,YUEN FONG,KHOO,0163023921,70450,IND,823
chingling_0330@hotmail.com,TEO,CHING LING,0166662073,43900,IND,823
voonting1987@yahoo.com,siow,voonting,0167631923,81750,IND,781
0102757746,cepy nurdiansyah,,0102757746,69000,CPNY,145
0146150513,zoha,,0146150513,63000,CPNY,131
0127179471,JASON LEE,,0127179471,81100,CPNY,33
pangyueying@yahoo.com,PANG,YUE YING,+601123564220,55100,IND,844
sofanb@gmail.com,SOFAN,BASIRON,0162638356,43900,IND,268
129609976,MELISSA TOH,,129609976,50200,CPNY,67
angieeu@hotmail.com,Angie ,Eu,0133333313,59100,IND,1113
azlinymuhaimi@gmail.com,azliny,muhaimi,+60169225420,18500,IND,1063
sjmh2u@gmail.com,JANE,TAN,0163421662,50450,IND,384
pltan888@yahoo.com,chan,siew peng,0122534567,68100,IND,823
feipozai@yahoo.com,miikee,lim,0122726722,58000,IND,823
margy.ariff98@gmail.com,FAWZIAH,MOHD ARIFF,+60192862916,68000,IND,1034
gcwling@gmail.com,grace,chai,0128904433,93350,IND,1040
rab2it2001@yahoo.com,Chai,Yen wen,0123899510,53100,IND,823
ahsze87@gmail.com,Tang,Swee See,072328385,81200,IND,823
sweewan@gmail.com,Swee Wan,Tan,01123702654,50250,IND,698
pookim@ryta.com.my,Lim,Poo Kim,03 7728 8485,47400,IND,1481
0174473172,Arvin Mijares,,0174473172,11900,CPNY,185
0163398398,Lim Lai Mae,,0163398398,43300,CPNY,102
jasonmoniqueryan@gmail.com,JASON,wong,0123577063,43300,IND,823
1123032500,Daniel Joshuia,,1123032500,47800,CPNY,64
0165962637,Ng Yee Mei,,0165962637,69000,CPNY,171
0138918737,ASHAR BIN FIRMAN,,0138918737,50586,CPNY,90
tammy6008@gmail.com,tammy,chong,0128810800,93350,IND,992
60125589079,Chan Choon Yin,,60125589079,12000,CPNY,63
nishah@rocketmail.com,Raja Nishah,Raja Mohamed,012-2346695,47301,IND,291
124093783,zailani zaphil,,124093783,14120,CPNY,125
liewpc1@gmail.com,POH CHOO,LIEW,0123542703,43700,IND,823
leeweisiow@hotmail.com,SIOW ,LEE WEI,0389576489,43300,IND,823
cyh@aftools.com.my,CHEN,YOONHING,03-74970290,47300,IND,1250
judycsk@yahoo.com,Judy,Cheah,0163890300,53300,IND,823
0194787178,KHAIRUN NIZAM BIN MOBIN,,0194787178,05350,CPNY,85
nationfire@gmail.com,nationfire,nationfire,0356210805,47610,IND,1204
aina2n_nn@yahoo.com,Ainatun,Napiah,0137881521,26100,IND,306
tarchemsb@gmail.com,tarchem,sdn bhd,03-77857633,58200,CPNY,683
janice5146@hotmail.com,Janice,Lee,60175100323,40400,IND,970
60179712077,VIX YAW POH YONG,,60179712077,47500,CPNY,168
spaclao123@gmail.com,nevielle,chee,0163903022,90000,IND,781
0137778076,Thilagah,,0137778076,80300,CPNY,143
stephaniesek@gmail.com,Li-Lin,Stephanie Sek,0193583366,47300,IND,1163
chengchengmnm@gmail.com,YIN CHENG,MAN,012-7709555,81300,IND,1334
0102190511,Kashthuri,,0102190511,39000,CPNY,138
kailiteo@gmail.com,teo,kaili,012 7259 136,81300,IND,823
faifai801@gmail.com,LIEONG,WING FEAI,0122722581,47100,IND,781
ann@stellarway.com.my,norizuani ,md aris,0192311430,47000,IND,1096
tkhman_00@yahoo.com,TAN,KEOK HOOI,0122192253,51200,IND,1316
deqyagarner@gmail.com,NURUL HIDAYAH,BINTI AHAMAD ZAKI,0193862335,47000,IND,1064
logical_sense@hotmail.com,Hijjas Sow ,Bin Suhaimi Sow,0193994864,50480,IND,924
hsingjh@gmail.com,jap,hsiao hsing,0138159139,93250,IND,1162
sabrina@cnlsolutions.com.my,Sabrina,Lieong,03-58916682,46150,IND,1147
nurainihassan84@gmail.com,Nuraini,Hassan,60122809846,40150,IND,907
jasonkcyong@gmail.com,Jason ,Yong,0128239592,90000,IND,1036
t_layri_29@yahoo.com,lay ri,tan,0361577907,47000,IND,823
tylerjsc@gmail.com,ting wei,lim,0142403900,13020,IND,781
177122199,KOH WIT LYN,,177122199,80000,CPNY,162
siew_en@hotmail.com,Ngor,Siew En,0179476543,28010,IND,823
drcbk@live.com.my,cheong,Beck Koon,0193914270,48000,IND,1099
172587929,Sarmifairuz Shaikh A Rahim,,172587929,47100,CPNY,48
patrick9700@hotmail.com,Patrick,Goh,0189596368,73000,IND,844
eddie.chan213@gmail.com,Eddie,Chan,0163913950,51000,IND,554
compress_363@yahoo.com,Kelvin,Leong,0389457363,43300,IND,1216
Huu38@yahoo.com,Pei Ye,Jap,0168780758,93450,IND,1034
sihui5321@gmail.com,Lim,Sihui,0332242535,45300,IND,823
juneleemk@gmail.com,June ,Lee,0149697138,43000,IND,823
chooichooi83@yahoo.com,JOYCE,Loi,0125741604,32010,IND,823
sharonliow293@gmail.com,geok lan,liow,016-7781293,56100,IND,823
nikkoee@outlook.com,nikko,ng,0123837330,43300,IND,301
0166637269,RITZIE EDSON V. LAMINA,,0166637269,46100,CPNY,201
0192437483,Bizura Hasida Mohd Roby,,0192437483,43400,CPNY,176
angela@circuitcommunications.com,Angela,Ho,0356119186,47500,IND,985
60129233940,Roziham bin Mat Ros,,60129233940,71800,CPNY,42
0167206250,Yan Xiang,,0167206250,81300,CPNY,147
kevin.yong@ehb.com.my,Kevin,Yong,0122115578,46000,IND,901
desmond.tew@innovision2u.com,Desmond,Tew,0126303344,47301,IND,252
yee_khim81@hotmail.com,AC SPECIALIST SDN BHD,AC SPECIALIST SDN BHD,0123862513,40400,CPNY,656
pooiyokel@gmail.com,Pooi Yoke,Leong,0197792408,58200,IND,844
eddiesong2020@gmail.com,Wai Khaing,Wong,0123957729,47130,IND,1162
sh3auj3n@hotmail.com,Koo,Sheau Jen,+60122336359,50200,IND,1163
jamie_chew@mazak.com.my,JAMIE ,chew,60122721678,43300,IND,792
joel3966969@gmail.com,Joel,Leong,0123966969,60000,IND,1163
caymen@icandystudio.com.my,I CANDY,STUDIO,03-78654939,46300,IND,1315
mdkamarulakmal@hotmail.com,md kamarul ,akmal,0174724645,81700,IND,1034
ice_queen_613@hotmail.com,Lo ,Lee San ,0169786660,91100,IND,148
accounts@bbmalaysia.org,Pey Hiong,Ng,03-77844262,46000,IND,918
aziza@jiwane.com,aziza,ahmad,0362579955,51200,IND,369
milokaiyeh@yahoo.com,Frankie,Pek,60193309001,53300,IND,1189
aliceling1980@gmail.com,Lee,Leng,0176819986,47600,IND,781
jamesongfc@gmail.com,James,Ong,+60122130383,47301,IND,693
kywong_1983@yahoo.com,Kihuat Timber (M) Sdn Bhd,Kihuat ,0175572363,46350,CPNY,245
larryhklee@gmail.com,Larry,Lee,012-2037832,46100,IND,118
bettyainkiq@gmail.com,Nahzatul Ain,Mohd Khalid,03-42171311,68000,IND,863
csliew@gmail.com,Chee Sun,Liew,0379676357,40460,IND,1003
lavencylai@yahoo.com,chow heong,lai,052821516,31450,IND,823
edisonchiong2015@gmail.com,wong,mei mei,0196827192,80350,IND,823
0173835980,norafiza bte zainuldin,,0173835980,47620,CPNY,27
fyinfyin@gmail.com,FOONG YIN,LEONG,+60167909220,81300,IND,823
nazina@um.edu.my,Noor Azina,Ismail,0192306423,50603,IND,713
0143105702,Fong Jing Wei,,0143105702,81300,CPNY,81
kiniko@yahoo.com,Syarikat Makmur,Alat-Alat Ganti S/B,0169200043,55100,IND,1036
thying33@gmail.com,Ying Thying,Wong,0126062933,43000,IND,1246
sclam4810@yahoo.com,Lam,Chee,0122316064,40460,IND,703
0173090356,Barbara Ann Pascual,,0173090356,50480,CPNY,122
chai628@gmail.com,Crystal,Lim,0123232342,53300,IND,883
phoebe.dai@gmail.com,PHOEBE,DAI,016-6362007,47301,IND,1344
199177273,Aina Batrisyia,,199177273,47810,CPNY,148
faizah1989@yahoo.com,Nur Faizah,Ishak,0134262799,40150,IND,953
sendtokp@gmail.com,KP ,SIM,0199330883,47820,IND,1146
ahr****@yahoo.com,Aziah Binti harun,,0122523162,47620,IND,49
lewis6345@hotmail.com,Liew,Khang Hau,0168216490,91000,IND,1274
terrichung82@gmail.com,terri,chung,0390810366,43200,IND,781
pceejay@hotmail.com,Phuah,Chin Jie,0146690275,41200,IND,823
tianhee0910@gmail.com,min,tan,069525001,84000,IND,844
0198440623,ZAKIAH BINTI LAMAT,,0198440623,86900,CPNY,122
0122140608,yiu lin,,0122140608,59100,CPNY,73
yana@aklasse.com.my,LIYANA,MOKHTAR,0129209011,50460,IND,733
0127269516,FAEZAH A.AZIZ,,0127269516,81700,CPNY,74
0183686086,Yee Chun Keat,,0183686086,68100,CPNY,167
Tiongcherngkun@yahoo.com,Tiong,Cherng kun,0175092786,81300,IND,781
alexchewk@gmail.com,Kheng Kai,Chew,0123033492,46200,IND,328
Rainbow_toh@hotmail.com,Rainbow,Toh,0126400292,43500,IND,130
pcg***********@hotmail.com,RAMANATHAN SUNDARESAN,,0125940146,34000,IND,131
0127373067,KARTHIKA DEWI SARMA RAO,,0127373067,75250,CPNY,152
az_nieyta@yahoo.com,Noor Aznita,Mohd Nor,0199469382,22300,IND,1064
kebinos@gmail.com,Tan,Ke-Vin,0123003133,47000,IND,1224
qiqiwen_88@hotmail.com,HO ,QI WEN,0163553697,25100,IND,844
0122511816,Khairun Nizam Bin Hosen,,0122511816,40000,CPNY,190
0162489272,Lucyah Wilson,,0162489272,51000,CPNY,199
awyaik@hotmail.com,Teoh,Khiaw Yaik,o124292027,11960,IND,146
vincent@vincentwong.net,Vincent,Wong,0166611670,50450,IND,1033
nuar@gayatravel.com.my,nuar @ md nor,md diah,0129112899,52200,IND,1266
dennis@massivecheers.com,Kok Yeen,Cheek,0172803554,55200,IND,1056
sungct@yahoo.com,TECK SUNG,CHEU,085-736172,98200,IND,473
allentanks@hotmail.com,Allen,Tan,045057830,14100,IND,524
sue@mepengg.com,Sufiyana,Abdullah,0189176979,47301,IND,287
hartinyabdkahar@yahoo.com,hartiny,abd kahar,0126934880,40150,IND,1163
0192808108,Cheong Hong Kiat,,0192808108,43000,CPNY,190
nuwafoto@gmail.com,mohd anuar,md noh,013-6853994,50480,IND,782
kristalwaja@yahoo.com,Roslan,Abdul,0123334446,57000,IND,874
167666596,SMART CLEANING SERVICE,,167666596,81300,CPNY,111
0172835057,Ah,,0172835057,53300,CPNY,227
01126374103,PAVITHIRADEVI,,01126374103,46100,CPNY,166
joe.yew@me.com,Wei Siang ,Yew,+60331878520,42700,IND,933
0182124620,Raveen Rajadorai,,0182124620,47820,CPNY,86
simsim-tpc@hotmail.com,Sabrina,Tham,0162621492,47301,IND,785
yucool100@hotmail.com,YU,COOL,0127064967,81000,IND,1163
60176408416,Sulaiman Alshutwi,,60176408416,11700,CPNY,59
ashleyyeoh@yahoo.com,Ashley,Yeoh,0129880848,47300,IND,1061
+60192201177,Aidawaty samsi,,+60192201177,81200,CPNY,146
lkyoong70@gmail.com,LK,Yoong,0126113172,70300,IND,823
chinpn@gmail.com,Penny,Chin,0107609760,81100,IND,823
0163355495,Pang Chee Yet,,0163355495,47100,CPNY,178
Yuann00@hotmail.com,Yuanney,Choo,0163239084,43200,IND,823
astramas@gmail.com,Mariana Hawa Loh Binti,Abdullah,0123021985,28400,IND,1320
0169642191,Nurul Farhana Redzuan,,0169642191,52100,CPNY,177
jamieternity@hotmail.com,Jamie,Pang,073552771,81100,IND,1259
weiling16@yahoo.com,Theresa,Soh,0162086626,47100,IND,1035
196196137,Jane P. Dorai,,196196137,50300,CPNY,121
01110923014,A. Kamali Archukan,,01110923014,81100,CPNY,73
leejeekeng2000@yahoo.com,Jack Lee,Jee Keng,0125001131,31400,IND,801
enxinchua@yahoo.com,CHUA,EN XIN,0105168449,76300,IND,823
syazlin@jastrainingconsultancy.com,Syazlin,Abdullah,03-78047870,47301,IND,893
0128850997,ROSLI BIN MOHD NOR,,0128850997,62150,CPNY,133
A.ZAFRY@GMAIL.COM,ZAFRY,AMIR,0136902380,53300,IND,523
bahari.cyber@gmail.com,bahari,kadir,0199892099,26600,IND,288
yyphoon@gmail.com,Sharon,Phoon,0122556672,52100,IND,823
bee3826@gmail.com,Sharon,Bee,0125568192 ,13500,IND,823
jeltorrente@gmail.com,jerocel,torrente,0163341223,46050,IND,834
admin@mycare.org.my,Norfadilah,Sulaiman,0389412341,43300,IND,1008
terry_lim80@yahoo.com,Terry,Lim,014-6331739,43200,IND,1063
emerald.d301@yahoo.com,Shamala ,Aruldass,60378660006,46150,IND,932
khoonyong@gmail.com,Low,Khoon Yong,0102254588,11200,IND,844
193258811,MOHAMMED NIZAR FAISAL,,193258811,68000,CPNY,183
christineTBL@hotmail.com,tan,bee leng,0122598796,41200,IND,823
wananisah@asyncgroup.com,anisah,shamsuddin,0123959088,40400,IND,726
stella.karmun@gmail.com,Chooi Mun,Heong ,0163051487,55200,IND,963
peiluan7@gmail.com,pei luan,lim,0177897377,85000,IND,781
krystle.tan@dcinnovation.com.my,Krystle,Tan,0377336045,47400,IND,382
shirleyliew@yahoo.com.my,liew ,kar yen,0162790027,56100,IND,823
ting_0301@yahoo.com,TEE,SOW TING,012-2322363,75150,IND,823
layri_29@hotmail.com,kim,tan,0199428952,28300,IND,823
fahrim.littlecaliphs@gmail.com,Little,Caliphs,"012-9583211, 03-55236200",40000,IND,1373
carmen@mcepost.net,Carmen,Soo,0377288568,47400,IND,132
rk_auct@ymail.com,RAM,KUMAR,0169785592,43200,IND,1134
manhoresingh@live.com,m& n management,consultants (M)sdn b,0163350888,50490,CPNY,1082
137197294,angela tee,,137197294,84600,CPNY,42
121156329,ADAM HARRIS,,121156329,59100,CPNY,77
kkpocean@gmail.com,CHIN KANG,SIOW,0197688255,81100,IND,823
watyong@outlook.com,watyong,Lim,0176664684,42500,IND,823
ctkhye@hotmail.com,CHU ,TEAK KHYE,0197701239,81100,IND,1152
hockreng@hotmail.com,ALAN ,CHUNG,0162269993,56100,IND,823
anugerahkd@gmail.com,SYT ,Anugerah,0361518118,47810,IND,86
zhujiujie009@yahoo.com.my,chew ,yying,1119762112,14100,IND,823
siying__94@hotmail.com,ying,si,0166687193,45300,IND,781
01111186838,OH JIA JUN,,01111186838,31400,CPNY,223
01137102263,Ahmed Abdelkader Ali Ellethy,,01137102263,63000,CPNY,56
0122408023,hairulnizan bin ramli,,0122408023,48000,CPNY,117
012 3883 510,Dr Calan V,,012 3883 510,51200,CPNY,155
chenchen16@yahoo.com,PHANG,CA MI,0168941018,93250,IND,814
aiminajwa10@gmail.com,aimi,arif,0196006785,47301,IND,411
aishah@95percent.com.my,aishah,shamsul ariffin,03-20951995,50490,IND,1253
a-amelie@hotmail.com,AMELIE,TEH,0126626689,48000,IND,781
moiyih@gmail.com,Pang,Moi Yih,0127539003,86000,IND,781
wtlimbang1@yahoo.com,kian shen,lim,0198851249,98700,IND,971
julia.low@customerconnect.com.my,julia,Low,0122784994,50470,IND,1163
kenari6999@gmail.com,Siat Wah,Pang,0123380936,70200,IND,1163
mrzsqideas@gmail.com,MOHD RIZAL,AYOB,+60123480563,43300,IND,985
ptham@logitech.com,PAULINE,THAM,0177600972,47820,IND,470
thiamthiam85@hotmail.com,tan ,bee eng,0183634513,42600,IND,823
1119564593,Mohammad Haqqi Anazilli Bin Zain,,1119564593,34100,CPNY,137
me@hong.my,Uncle,Lim,0163036110,43300,IND,879
wongchingyiik87@gmail.com,wong,ching yiik,0168702166,80350,IND,823
sailash@vaersapartners.com.my,SAILASH,KUMAR,0126997359,59100,IND,471
michelle.low@mys.fujixerox.com,Michelle,Low,016-3350920,46200,IND,831
maggieliaw@yahoo.com,Maggie,Liaw,0126602066,57000,IND,1371
gaozheng87@hotmail.com,GAO,ZHENG,0167224711,83000,IND,1163
cath338@gmail.com,Catherine ,Lau,+6 012 2606277,46200,IND,1182
0102025874,Alamin,,0102025874,55100,CPNY,124
carmencpl@yahoo.com,Carmen,Chan,012-6527706,43200,IND,1021
loges@abadijaya.com.my,Logeswary,Renganaickam,013-2748183,51200,IND,1015
196556186,Ahmad Nizam Osman,,196556186,68100,CPNY,87
penny@teknoex.com,Penny,,017-3996121,58200,IND,330
192773090,Rakhi Ganguly,,192773090,59100,CPNY,59
pss_batu14_puchong@yahoo.com,SHAHRUL,ALIAS,0192777667,47100,IND,956
stephenkokseng@hotmail.com,KOK SENG,LIM,0103665582,30010,IND,781
asiah_kamal510@yahoo.com.my,ASIAH ,KAMAL,0139912413,50603,IND,1035
ping_0111@hotmail.com,FEI PING,TAY,0187899591,86000,IND,844
psp@rosegate.my,PANG,SEE PUN,603-77287673,47820,IND,951
0132044353,NUR FAEZAH ISMAIL,,0132044353,53200,CPNY,93
THYEN@HOTMAIL.COM,Yen,Teck Hoe,0193231982,55100,IND,879
leong@atoz2u.com,Jayson,Lo,0169579790,43300,IND,179
cneg_interior@yahoo.com,Chee Ming,Wong,0123306300,47301,IND,1035
Tancc85@yahoo.com,aki,Tan ,0169881128,28400,IND,781
azizan1976@gmail.com,AZIZAN,ABDL AZIS,0193304545,40150,IND,933
najiahms@um.edu.my,Najiah,Mohd Sadali,+60192541254,50603,IND,1348
197608109,samsiah,,197608109,81300,CPNY,230
syarifahalyaa@pasarayasyed.com,Syarifah Alyaa,Syed Abu Hussin,0126694565,40160,IND,1321
loo_yen@hotmail.com,Loo,Yen Ping,0362803632,52100,IND,1377
60123091587,Jagjit Singh,,60123091587,53100,CPNY,92
antonb@qq.com,CA,Toh,0162170061,47500,IND,1035
wxl2378@hotmail.com,wennie,wai,0166649822,52100,IND,823
david@antnet-tech.com,David,Ting ,0128700896,59200,IND,82
wmeeyee@yahoo.com,wong,mee yee,41085291,47140,IND,781
wendy38608@hotmail.com,Wendy,Ong,0176650599,55100,IND,721
joanne4848@hotmail.com,Joanne,Tang,0163595866,57000,IND,725
kenneth.tan@tago.com.my,Kenneth,Tan,+60122053819,50480,IND,117
chua.thiamlai@yahoo.com.my,CHUA,THIAM LAI,0176881962,76300,IND,823
125118008,Mahendra Mano,,125118008,30350,CPNY,109
myhosc@gmail.com,Pang,Hwei Yih,0176472671,86000,IND,781
97707478,Nur Najmi Nasimin,,97707478,81200,CPNY,200
0127572013,NORAZIRAH BINTI MD NOH,,0127572013,53100,CPNY,102
0174756363,Law Min Chee,,0174756363,11900,CPNY,207
yybei22@gmail.com,Tan ,Kar kar ,0169860212,28400,IND,727
rosiatisaad@gmail.com,Rosiati,Mat Saad,0162340564,68100,IND,1078
k.pang@magnus.com,Pang,Kim Fui,0378800760,47410,IND,987
vivianlyc@hotmail.my,vivian,lee,0146188162,81200,IND,823
0199897281,Nazuha Ismail,,0199897281,23000,CPNY,147
01110626658,SEH CHIN KEONG,,01110626658,42700,CPNY,150
puvand@gmail.com,Puvan ,Maha Iswara,0166529889,47100,IND,1154
angel.ahk78@hotmail.com,ANGELINE,TOH HUI KIAN,010 2259 624,58100,IND,823
hymah33@gmail.com,Mah ,Hui Yin,78483598,40000,IND,986
pisces_gal23@hotmail.com,Jy Woei,Lai,0164964469,47130,IND,701
puise79@hotmail.com,Pui Se,Chan,0172008763,47180,IND,823
voonsheng@gmail.com,Chong,Voon Sheng,0122712722,48000,IND,1042
qrchandc@gmail.com,Ineight ,Healthcare,60102969861,47500,IND,1105
yyow87@gmail.com,yoke yian,ow,0126830058,75200,IND,844
+60193518389,Manzuror Rahman Jami,,+60193518389,50480,CPNY,152
0127165065,Kelson Lee Kok Soon,,0127165065,79200,CPNY,134
llaymun312@yahoo.com.my,Lay Mun,Lim,0163818168,70200,IND,823
ivintlk80@gmail.com,tan lay,kham,+60167027794,80150,IND,823
eileen.tbl@gmail.com,Eileen,Tan,012-3469708,58200,IND,1063
binadam1power@hotmail.com,Kala,Ganesan,03-79575486,46350,IND,754
yuenkaimun@yahoo.com,YUEN,KAI MUN,0164108831,31450,IND,1162
0163708002,Lee teck choon,,0163708002,28700,CPNY,131
janet86_lsh@hotmail.com,Janet,Lee ,0169212902,28700,IND,1165
maggieyong8@yahoo.com,maggie,yong,0122211512,40170,IND,1077
0122272268,Sandy Leong,,0122272268,47410,CPNY,52
admin@sif.com.my,NUR AZUREEN,MOHD NOOR,03-9057 3622,57000,IND,915
syella94@gmail.com,NURASYILAH ,UMAR SHAIFUDIN,0172850512,40150,IND,412
christi79lst@yahoo.com.my,Christi,Leong,0192363888,56100,IND,823
jzoeynjim@gmail.com,zu yue,soo,0143249558,81750,IND,814
chrispoon12@gmail.com,POON,CHRIS,0123176606,40150,IND,973
leeaitheng@yahoo.com,AITHENG,LEE,012 323 2378,47810,IND,1210
129469889,SP PHUA MARKETING SDN BHD,,129469889,20000,CPNY,23
01121842608,LIANG LI LI,,01121842608,76450,CPNY,36
waiswan@thehonesttreat.com,THE HONEST GROUP,THT,0102882436,50480,IND,657
sary_yat8@yahoo.com,Sariah,Yatim,0126112174,68000,IND,1010
sharontan@bibleleague.org.my,Joshua,Tan,0193511511,57000,IND,302
elaine0801@hotmail.com,Elaine ,Yap,0122298851,58100,IND,823
127580303,Louis Heng,,127580303,50088,CPNY,158
simonbee@ymail.com,pang,chun leong,0162790027,56100,IND,823
0166630817,AZZALI ABDUL AZIZ,,0166630817,84000,CPNY,158
0133941402,Muhammad Firdaus,,0133941402,43800,CPNY,187
shalenekong@gmail.com,shalene,kong,0193575513,43300,IND,823
133452294,Nurul Iftida Basri,,133452294,62050,CPNY,72
0106654686,Suhaila gani,,0106654686,81150,CPNY,92
hr@tinnovatik.com,TINNOVATIK ,SDN BHD /CAROL,01133212623,47410,CPNY,99
suzanas@ummc.edu.my,Suzana,Saaibon ,0122128746,59100,IND,1295
rayyeak@yahoo.com,Raymond,Yeak,0162155603,47400,IND,1162
linkeong@gmail.com,Soh,Lin Keong,0127016001,83000,IND,1163
ctssin@a-and-l.com,CHONG,TAN SIN,03-79560908,46100,IND,265
0164681705,Suhaibudeen bin Abdul Rasheed,,0164681705,11500,CPNY,75
ivyneo8687@gmail.com,Neo,Chew syan,017 7381 116,81300,IND,727
auntyevelam@gmail.com,Yoke Kin,Lam,012-3112071,40460,IND,1034
cyrus@atozcomputermedia.com,cyrus,wong,0125178920,43300,IND,734
104002981,NURNAZIDA NAZRI,,104002981,40400,CPNY,39
kikikukiki@hotmail.com,HUI HOON,GAN,0162692926,43500,IND,823
163355697,Elizabeth Tan,,163355697,43650,CPNY,151
marliana@feruni.com,MARLIANA,sampoi,60126627802,46050,IND,966
anglekhor@outlook.com,angle,khor,0124058319,14100,IND,823
053133155,Jack Lee Jee Keng,,053133155,31350,CPNY,73
thiangwc@gmail.com,THIANG,WEN CHIEH,0163344288,56000,IND,683
wkyc_17@hotmail.com,Summer,Summer,0162061662,43300,IND,629
kelly0215@live.com.my,Lai,Lee Yen,016 5036 802,31350,IND,781
enquiry@wonderfb.com,BESTLINK,DISTRIBUTION,0127779228,81000,IND,823
jane-low@hotmail.com,Jane,Low,0184015460,31600,IND,823
sophia4588@hotmail.com,Katherine ,NG,01116124674,28300,IND,823
0197742771,Abd Rahaman Omar,,0197742771,83000,CPNY,43
0127425347,Muhammad Nur Akmal Bin Mohd Zin,,0127425347,81100,CPNY,115
candichin918@gmail.com,Candi,Chin,0129611829,69000,IND,1046
becbec_ong@yahoo.com,Filbin Marine S/B,Filbin Marine S/B,0192222019,46100,IND,118
0147947778,Ayasophia Bt Mat Nawi,,0147947778,43700,CPNY,150
yeeteng0528@hotmail.com,Yee Teng,Tan,0165182687,30010,IND,781
0192151486,Faida rashidee,,0192151486,47830,CPNY,170
jovincent41@yahoo.com,jothy,vincent,0162360501/01115032577,47100,IND,1051
0123881632,LIAN KEAT SENG,,0123881632,47301,CPNY,216
fionacyy@hotmail.com,Yeng Yeng,Choong,0162055230,56000,IND,823
0172588590,Ritika Dosi,,0172588590,55000,CPNY,40
lemuelyu95@gmail.com,Lemuel,Yu,0168560141,57000,IND,1020
amylaw1976@gmail.com,Niki,Liew,0165623826,30100,IND,823
+60122637311,Wong Swee Mun,,+60122637311,47100,CPNY,58
wanmeicheong@yahoo.com,WanMei,Cheong,0321169755,55100,IND,865
01110670063,Christina Kong Shuen Yik,,01110670063,81900,CPNY,189
hasliana@gmail.com,HASLIANA,KAMARUDDIN,03-89536326,43400,IND,890
jss.joseph@outlook.com,Chan Teng,Kwong,+60389575789,43300,IND,224
tehmenghui@hotmail.com,Teh,Meng Hui,0163350423,40400,IND,1245
0127913903,NOOR ELIANA BINTI ROZANI,,0127913903,05460,CPNY,75
kww.kalei@gmail.com,Kalei,Welding,0167742017,40400,IND,39
blublu425@gmail.com,kim eng,tee,0177306071,86400,IND,823
bikeprocentre@gmail.com,CARMEN,CHOW,03-7803 7055,47400,IND,984
spylady82@hotmail.com,Poh Yee,Soo,010 6636 373,85020,IND,823
kiyo8588.udon@gmail.com,Jennifer,Zhang,0183563558,50480,IND,1007
601123243540,Marjorie de Backer,,601123243540,50450,CPNY,61
wpsiow@gmail.com,Michelle,siow,0192280835,75250,IND,781
0194785140,DINESH RAJA,,0194785140,88809,CPNY,30
andreawolf78@gmx.de,Andrea,Wolf,60122331996,43300,IND,1239
colin@novocraft.com,Colin,Hercus,0162482668,46300,IND,35
mywwe8860@yahoo.com,Cheong,C H,0192203066,50480,IND,844
suganthyr@yahoo.com,Suganthy,Robinson,0133043298,43000,IND,989
salambs@yahoo.com,abdul,mukthahir,0123300308,48300,IND,1132
hazzel0412@gmail.com,hazzel ,leow ,0172700412,28300,IND,823
0176798891,Seyedahmad Mirshamsi,,0176798891,50480,CPNY,57
ps0578@gmail.com,CHONG,PS,0137062830,43200,IND,823
sunsun20108@yahoo.com,sun,sun,0163334806,55100,IND,823
+60129680111,CINDY NG,,+60129680111,28000,CPNY,184
pristec@ymail.com,Suhanthy,Ramasamy,0124112572,47100,IND,908
thongsiewyoong@hotmail.com,DEBBIE,THONG,0163238395,68000,IND,885
skywrx03@yahoo.com,Muha Shairy,Mohamad,0126562576,50250,IND,642
klinikwangsa@yahoo.com,MOHAMED ALI,MOHD YASSIM,0197863531,54200,IND,1434
gladys@pracbiz.com,Gladys,Oh,0122320060,47400,IND,1078
0168484890,Zhen Yi,,0168484890,88300,CPNY,70
admin@tisbsb.com,Nazlina,Ibrahim,0192635800,47160,IND,61
info@eurostarwindow.com.my,Ki Wen,Wong,012-6163188,47610,IND,1163
0139679680,Ahmad zaidan bin zubir,,0139679680,21080,CPNY,111
customizer.global@gmail.com,Lee,BC,0132991314,40170,IND,421
122639958,Nur Afiqah Zainuri,,122639958,50603,CPNY,41
0139241100,Alfian Istihar,,0139241100,18000,CPNY,49
hasliana@mardi.gov.my,HASLIANA,KAMARUDDIN,0162215935,,IND,741
shopperkling@gmail.com,Ling,Ho,01112001131,52200,IND,781
01137207625,Ling Suk Wen,,01137207625,43300,CPNY,42
deanwong@niagasoft.com,Dean,Wong,0163112389,40170,IND,1162
menghueilim@yahoo.com,sam,lim,60127137333,72000,IND,781
0176017784,Mr Stephane Fahrni,,0176017784,40170,CPNY,136
soukaen@hotmail.com,Sophia,Soong,0192882879,68000,IND,728
abby.chew@iota-group.com,Abby,Chew,0162387803,50480,IND,49
syarikat_bkd@hotmail.com,CHOW ,MEE HA,6012-8285402,88300,IND,335
yonexilsb@gmail.com,yonex international,logistic sdn bhd,0166826088,47120,CPNY,1076
Zhi_ling99@hotmail.com,Zhi ling,Low,0127870267,81200,IND,823
hr@wonderfb.com,WONDER FB SUPPLIES,SDN BHD,07-6635392,81000,CPNY,823
papapup@hotmail.com,Allan,THAM,+6012-2108993,47500,IND,1034
1125749280,rosilyn sancha,,1125749280,21300,CPNY,229
shirleygnok@gmail.com,shirley,gnok,0166689383,43300,IND,823
medicwave123@gmail.com,EUGENE,LEE,6012-3175221,47301,IND,1349
david_voon@hotmail.com,Mei Lin,Aw ,01139751266,27000,IND,823
brendalwling@yahoo.co.uk,Brenda,Ling,+60342524286,50450,IND,935
0194192020,Xin Xin,,0194192020,11200,CPNY,87
alicechong7726@gmail.com,Alice chong,alice chong,012-3047726,55100,IND,602
0169600162,Ma sin ting,,0169600162,20000,CPNY,170
chan_christine@hotmail.com,Christine,Chan,0125200747,47400,IND,1040
hpd.auto@gmail.com,Highlight Parts Distributors,Sdn. Bhd.,60122543087,56100,CPNY,223
0162285333,VMD Foods Sdn Bhd,,0162285333,68100,CPNY,69
joicewong90@gmail.com,Joice,Wong,0169170217,43300,IND,844
seedseduc@gmail.com,Fona,Dcruz,03-78313320,47301,IND,1052
60162256000,S Mah,,60162256000,59000,CPNY,165
32875579,Jerry Anak Akau,,32875579,43300,CPNY,148
0164105459,Jason Yiap,,0164105459,46100,CPNY,112
conniekhor@gmail.com,connie,khor,01111165022,81000,IND,781
nab********@yahoo.com,Norlelawati Binti Ab Latip,,0197275300,81300,IND,116
193137704,ashril anwar,,193137704,51200,CPNY,156
0126127030,annie chirng chiew hoon,,0126127030,40400,CPNY,154
limweijian0420@hotmail.com,TAN,HENG LEONG,0146422259,48020,IND,823
0133239531,Mohd Hazeelinizam Bin Mohd Shari,,0133239531,43000,CPNY,200
scho1978@outlook.com,Ho,See Chen,0126879336,86000,IND,823
tracyong321@yahoo.com,TRACY,ONG,0183843884,68100,IND,823
mastura@95percent.com.my,Nur Mastura Seth,Abdul Rahim Seth,01111441425,50490,IND,259
apple_9290@hotmail.com,ai ping,tong,0127862203,86000,IND,823
estherong1213@hotmail.com,Zhen Ding,Resources sdn bhd,0124461115,58100,CPNY,315
denise_liau_03@hotmail.com,liau,you hui,0166388468,56000,IND,781
yen0830@live.com.my,Lai ,Lee Yen,0165036802,31350,IND,781
sharon@lte.com.my,LTE,Engineers Sdn Bhd,0168882630,47301,CPNY,1202
admin@hnyinterior.com,hoe &amp; yin,Design Studio,03-6274 9696,52200,IND,1148
christine88100510@hotmail.com,tan,teck ping,0122598796,42600,IND,727
0123513233,cheong siu chin,,0123513233,53000,CPNY,221
usah@tiseno.com,Usahrani,Balachandran,0378802595,47301,IND,777
ssuria4@upm.edu.my,Siti Suriawati,Isa,019 269 1028,43400,IND,795
0175777517,KHAIRIL FAHMI B ABDUL GHANI,,0175777517,07000,CPNY,168
01111221151,ABDUL AA LA KHALID,,01111221151,45620,CPNY,97
k_t_tong57@hotmail.com,Nancy,Tong,+60123820807,43400,IND,781
ds7751@yahoo.com,SIM,KIAN HUNG,60146688128,98000,IND,1162
PBQ8888@gmail.com,Peter,Blomqvist,0172007322,50480,IND,1405
126938957,hiew fong may,,126938957,75050,CPNY,186
sheuenee@gmail.com,Shirley Lim,Sheue Nee,0102202960,50460,IND,1162
dmsinai@gmail.com,sin ai,tan,0132820918,47100,IND,118
sharon3811@live.cn,sharon teo,siew hui,60167700148,81300,IND,727
copycentsb@gmail.com,AZIZAN ,HASAN,0166653292,78300,IND,1066
0107702153,Rajiv,,0107702153,47301,CPNY,81
0164861641,Poh Ean Nee,,0164861641,50480,CPNY,200
sitimu.yasin@gmail.com,siti munira,yasin,60192515325,47000,IND,929
Janet_xo@hotmail.com,Lai ching,Siew ,0124522010,31450,IND,823
vjai66@yahoo.com,Jaikishin,Shewandas,0122574117,59100,IND,721
nian_ting89@hotmail.com,soo ,nianting,0127728918,85000,IND,781
nurelly@lbs.com.my,Nurelly Hazra,Shamsuddin,0123313960,47300,IND,1062
yongkeamfoo@gmail.com,Keam Foo,Yong,0143223985,47650,IND,823
lisalawlaipeng@hotmail.com,Lai Peng,Law,012-2596825,47600,IND,823
ivy_hii@yahoo.com,Vivi,Vi,0128050299,58100,IND,823
prasath@jumpstreetasia.com,Prasath ,Nair,0166289444,46200,IND,1345
0122049666,Niraj,,0122049666,59100,CPNY,73
swallowhyl@gmail.com,yinleng,ho,0126714702 ,47500,IND,823
vgoh1@hotmail.com,Goh,Hon Chow,019-3340005,58100,IND,1130
kelvingoh96@hotmail.my,Kelvin,Khai Wen,0166478826,41050,IND,1163
stephyyap03@gmail.com,stephy,yap,0163332815,43200,IND,781
cheryl.wong@eventplusmarketing.com,YOKE JING,WONG,0163212222,40460,IND,1195
0123887818,Wong chai ching,,0123887818,51200,CPNY,164
maykuan_yong@yahoo.com,YONG,MAY KUAN,0169542455,43300,IND,844
0137722091,John Tan,,0137722091,47400,CPNY,209
0123113518,Alex Tan,,0123113518,50480,CPNY,73
0109645362,Lee Kyu Sung,,0109645362,53300,CPNY,87
atienoffice@gmail.com,Mohamad Isa,Mansor,0355112055,40100,IND,1243
wongautoservice@hotmail.com,wong,auto service sdn bhd,0162090295,68000,CPNY,124
stvlu82@yahoo.com,steven,lu,0172155747,41200,IND,823
ssmklm@hotmail.com,SAMANTHA,PAU,+60164168943,09000,IND,519
0133009383,Azmil Amirul Taib,,0133009383,76400,CPNY,215
alif.aziz@polarisnet.com.my,Alif,Abdol Aziz,0172017241,59200,IND,133
lee@tropicalarea.net,Hon Hoe,Lee,03-79546961,46300,IND,1089
0122159866,Ng Tee Yew,,0122159866,70200,CPNY,72
0193797233,NorLeha bt Tamsir,,0193797233,45400,CPNY,204
ck2046@hotmail.com,CK,Law (Mizulab Sdn Bhd),0129099008,47120,CPNY,818
schoe_1212@yahoo.co.uk,calvin,sin,0102313831,47100,IND,844
chooiling05@hotmail.com,chooi ling,cheng,0122359570,55100,IND,680
zulthani789@icloud.com,ZULKIFFLI,MOHD THANI,0197152525,53000,IND,938
mkhairi.promo@gmail.com,Muhamad Khairi,Ismail,0122071067,57000,IND,1162
mxing18@yahoo.com,cat,chong,0146579522,90000,IND,781
kelvin@atozcomputermedia.com,Kelvin,Ng,0192204902,47150,IND,648
60122363273,LU PING LIANG,,60122363273,51000,CPNY,100
0173151628,Amonia Jason,,0173151628,50200,CPNY,171
0193407793,Nadia Rustam,,0193407793,40400,CPNY,151
suansoncakes@gmail.com,Suanson,Sdn Bhd,0320938811,59100,CPNY,1105
spear_magan@yahoo.com,Magen,S,0377810191,58000,IND,750
ctchtan@gmail.com,chew hua,tan,011210908942,52100,IND,823
jackie.khoo.litro@gmail.com,Litro Industry Sdn Bhd,(Ms Khoo 012-3303229),03-31015466 ,42920,CPNY,844
aineemy1998@gmail.com,Nor,Yusof,01115267183,86000,IND,334
0168121018,SANJEEV KUMAR,,0168121018,89208,CPNY,42
archifab@gmail.com,Tan,Kean Beng,0129749511,58000,IND,1247
marama.schnitker@gmail.com,Marama,Schnitker,0172003383,59000,IND,602
gbluan@gmail.com,Luan,GAN,0162151870,59000,IND,821
ttthing85@gmail.com,Tiffany,Toh,0164103168,63000,IND,727
wuvs811@gmail.com,Wu,Voon Shiuh,019-7280069,52100,IND,77
skasmori@gmail.com,Shamsudin,Kasmori,01110619861,83200,IND,1210
183847035,Philomena Ernest,,183847035,56000,CPNY,180
huahua1022@hotmail.com,BeeHui,Teo,0129736060,84200,IND,823
supian@homemedia.com.my,Mohd Supian,Stopha,0193048081,52200,IND,827
1111926227,Julian Artope,,1111926227,50490,CPNY,152
westwood.constance@gmail.com,constance,westwood,60379546498,47300,IND,768
amirul.afif@gmail.com,amirul afif,abd aziz,0173471270,40150,IND,1157
bying425@gmail.com,beeying,lim,0127756071,01000,IND,823
sana@kpjcfs.com,SANA,SENARI,0378044051,47400,IND,236
fabiankong@gmail.com,fabian kong,yu kiong,0126683922,52200,IND,823
yhfcsb@gmail.com,FEI CHENG,YONG,0391733089,56000,IND,1163
amy@artesia.com.my,Amy,Kerk,012-6812883,43200,IND,1187
0195577662,sunita kaur ahluwalia,,0195577662,51700,CPNY,217
xuan1808@live.com,khor,joyce,0124058319,14100,IND,844
steve.kucia@ag-isolutions.com,Stephen,Kucia,0122829110,59200,IND,378
139202777,DATIN NUR MARDHIAH MARIA BINTI A,,139202777,25150,CPNY,73
aeccty@gmail.com,CHIN TZE,YEONG,+60380709796,47160,IND,906
122056228,LOK TIAM CHAI,,122056228,75460,CPNY,152
suping1818@gmail.com,Su Ping,Yap,0122831818,40100,IND,398
ssna@live.com,Kee Ping,Tan,0168344366,88100,IND,1163
ivy-ong@live.com,ivy,ong,0166655756,55200,IND,727
jim.reverse@gmail.com,Jim,Mo,+60380653255,47160,IND,679
173754573,Peggy Ng,,173754573,51200,CPNY,23
0145059070,Mohd Noor Hashraff bin Che Hassa,,0145059070,57100,CPNY,135
jadelimsg@hotmail.com,Jade,Lim,0123361388,47810,IND,208
divinewoodresources@gmail.com,YUKI,YAP,0123355793,43000,IND,1055
ailin.ng@ausenco.com,Ai Lin,Ng,+6012 2039384,47500,IND,1301
0175061813,leerekai,,0175061813,06550,CPNY,139
042295946,Yeoh Peng Lee,,042295946,10150,CPNY,137
+60179292754,Zaya Pono,,+60179292754,58000,CPNY,143
0139970622,Mohd yusof bin mohd nor,,0139970622,46300,CPNY,37
hliau@hotmail.com,Henry,Liau,0122932733,58000,IND,410
norlailyabdulhamid@gmail.com,NOR LAILY,ABDUL HAMID,0129749656,44000,IND,371
0126167957,ROSILA RAZALI,,0126167957,86900,CPNY,23
michelleliew12888@gmail.com,Michelle,Liew,0123309508,68100,IND,781
aidasadmi@yahoo.co.uk,AIDA,ADMI,0192204466,48000,IND,1093
eugenecctan@gmail.com,chuan chin,tan,0166966934,43000,IND,1162
hello@iestudios.com.my,IE,STUDIOS,0123069939,00000,IND,1013
kangga_86@live.com,Kangga ,Munusamy,0142601067,32200,IND,1163
0127656144,mohd zarin bin ramlan,,0127656144,50660,CPNY,99
0132057683,helya hashim,,0132057683,62100,CPNY,39
0125155200,Tan Swee Sin,,0125155200,36000,CPNY,177
ivin_tlk80@yahoo.com.sg,ivin,tan,0167028003,80150,IND,727
rapidkill.cyliew@gmail.com,Choy Yoke ,Liew ,0143461242,43200,IND,326
wannling@gmail.com,Wann Ling,Chow,60123077661,50480,IND,1133
0125345648,Amy osman,,0125345648,09000,CPNY,24
monfils@yahoo.com,Johanna,Monfils,0122015872,50480,IND,672
137739082,Brightonmax Sdn Bhd,,137739082,81100,CPNY,34
acc.legastia@gmail.com,PEMBINAAN LEGASTIA,SDN BHD,03-8945 5508,43300,CPNY,475
0125044810,Azwani Mustaffa,,0125044810,43900,CPNY,25
elaineyap06@yahoo.com,YOKE YING,YAP,03-6141 7307,47810,IND,979
genesis.adagency@gmail.com,Bobby ,Oh,0129322093,47820,IND,1083
lusisiaoah@yahoo.com.my,chew,yy,045080632,14100,IND,844
yhong_1989@hotmail.com,kang,atoz,0166091639,46150,IND,420
0166736451,RAFIDAH RASOL,,0166736451,41050,CPNY,202
selinalaw144@yahoo.com,Yoke Fun,Law,0162701528,47100,IND,781
leeai@interiors.my,LEE AI,LIM,0122742405,50400,IND,277
01121492094,HAKEEM SHITTU,,01121492094,47100,CPNY,100
ethantor@yahoo.com,ethan,tor,0175313933,41300,IND,781
0198816612,Brigid Clara Matujal,,0198816612,88200,CPNY,144
1110912643,FARIDAH BOSU,,1110912643,41200,CPNY,152
feeling3055@yahoo.com,Feeling ,Wong,0165295068,31400,IND,781
0196885388,Uncle Thomas-Mike Chan-017775898,,0196885388,86000,CPNY,23
thayalanmoorthy@outlook.com,Thayalan,Moorthy,03 6200 0676,50480,IND,880
0162691230,Gui Lee Koon,,0162691230,40170,CPNY,75
saiful@atozcomputermedia.com,Saiful,Ismail,016-9558523,43300,IND,749
149329767,Anis Sollehah Binti Abd Kadir,,149329767,05150,CPNY,176
thkiat@gmail.com,HK,Teh,0124538603,14000,IND,1006
pcr.abbywong@gmail.com,Abby Wong,Choong Yin,0122230666,47300,IND,1222
sulwen_72@hotmail.com,song,sook wing,0176739280,76300,IND,823
wonglynndr@gmail.com,Yiing Cheong,Wong,91318123,56100,IND,1071
ceragempj@yahoo.com,KEONG,JUEN,0162529638,47301,IND,1104
winson_tee@live.com,Winson,Tee,0189663524,42500,IND,823
hugh@blueocean.my,Blueocean Technologies,Sdn Bhd,03-77223090,47800,CPNY,1196
nailartproduct@hotmail.com,nail,art pro,0196087880,68000,IND,721
voice_leong@yahoo.com.sg,VOYCE,LEONG,012-3507816,43300,IND,802
1121073172,Vinod Ramasamy,,1121073172,56000,CPNY,51
jovintee93@outlook.com,Jovin,Tee,0109000424,42500,IND,727
goh818@gmail.com,GOH,PECK KIEN,010-2252628,47100,IND,984
simplemalaysia@purecare.com.my,PureCare,Health &amp; Beauty,03-79587126,46200,IND,993
